PLAYER;GP;MIN;PTS;FG%;3PM;3P%;FT%;REB;AST;TOV;STL;BLK;DD2;TD3;POSITION
James Harden;72;35.4;30.4;44.9;3.7;36.7;85.8;5.4;8.8;4.4;1.8;0.7;31;4;G
LeBron James;82;36.9;27.5;54.2;1.8;36.7;73.1;8.6;9.1;4.2;1.4;0.9;52;18;G
Damian Lillard;73;36.6;26.9;43.9;3.1;36.1;91.6;4.5;6.6;2.8;1.1;0.4;11;0;G
Stephen Curry;51;32.0;26.4;49.5;4.2;42.3;92.1;5.1;6.1;3.0;1.6;0.2;5;0;G
Russell Westbrook;80;36.4;25.4;44.9;1.2;29.8;73.7;10.1;10.3;4.8;1.8;0.3;59;25;G
Devin Booker;54;34.5;24.9;43.2;2.7;38.3;87.8;4.5;4.7;3.6;0.9;0.3;4;0;G
Kyrie Irving;60;32.2;24.4;49.1;2.8;40.8;88.9;3.8;5.1;2.3;1.1;0.3;1;0;G
Victor Oladipo;75;34.0;23.1;47.7;2.1;37.1;79.9;5.2;4.3;2.9;2.4;0.8;3;0;G
DeMar DeRozan;80;33.9;23.0;45.6;1.1;31.0;82.5;3.9;5.2;2.2;1.1;0.3;0;0;G
Bradley Beal;82;36.3;22.6;46.0;2.4;37.5;79.1;4.4;4.5;2.6;1.2;0.4;4;0;G
Lou Williams;79;32.8;22.6;43.5;2.4;35.9;88.0;2.5;5.3;3.0;1.1;0.2;7;0;G
Jimmy Butler;59;36.7;22.2;47.4;1.2;35.0;85.4;5.3;4.9;1.8;2.0;0.4;3;0;G
Kemba Walker;80;34.2;22.1;43.1;2.9;38.4;86.4;3.1;5.6;2.2;1.1;0.3;3;0;G
CJ McCollum;81;36.1;21.4;44.3;2.3;39.7;83.6;4.0;3.4;1.9;1.0;0.4;1;0;G
Donovan Mitchell;79;33.4;20.5;43.7;2.4;34.0;80.5;3.7;3.7;2.7;1.5;0.3;0;0;G
MarShon Brooks;7;27.5;20.1;50.0;2.7;59.4;87.0;3.0;3.6;2.3;1.6;0.4;0;0;G
Klay Thompson;73;34.3;20.0;48.9;3.1;44.0;83.7;3.8;2.5;1.8;0.8;0.5;2;0;G
John Wall;41;34.4;19.4;42.0;1.5;37.1;72.6;3.7;9.6;3.9;1.4;1.1;19;0;G
Tyreke Evans;52;30.9;19.4;45.2;2.2;39.9;78.5;5.1;5.2;2.3;1.1;0.3;7;0;G
Dennis Schroder;67;31.0;19.4;43.6;1.1;29.0;84.9;3.1;6.2;2.7;1.1;0.1;5;0;G
Jrue Holiday;81;36.1;19.0;49.4;1.5;33.7;78.6;4.5;6.0;2.6;1.5;0.8;8;1;G
Chris Paul;58;31.8;18.6;46.0;2.5;38.0;91.9;5.4;7.9;2.2;1.7;0.2;14;1;G
Eric Gordon;69;31.2;18.0;42.8;3.2;35.9;80.9;2.5;2.2;1.9;0.6;0.4;0;0;G
Jeremy Lin;1;25.2;18.0;41.7;1.0;50.0;100;0.0;4.0;3.0;0.0;0.0;0;0;G
Evan Fournier;57;32.2;17.8;45.9;2.2;37.9;86.7;3.2;2.9;1.7;0.8;0.3;0;0;G
Eric Bledsoe;74;31.4;17.7;47.3;1.7;34.7;79.5;3.8;5.0;2.9;2.0;0.6;3;1;G
Tim Hardaway Jr.;57;33.1;17.5;42.1;2.3;31.7;81.6;3.9;2.7;1.6;1.1;0.2;2;0;G
Gary Harris;67;34.4;17.5;48.5;2.3;39.6;82.7;2.6;2.9;1.8;1.8;0.2;0;0;G
Goran Dragic;75;31.7;17.3;45.0;1.5;37.0;80.1;4.1;4.8;2.2;0.8;0.2;3;0;G
JJ Redick;70;30.2;17.1;46.0;2.8;42.0;90.4;2.5;3.0;1.5;0.5;0.1;0;0;G
Mike Conley;12;31.1;17.1;38.1;2.0;31.2;80.3;2.3;4.1;1.5;1.0;0.3;0;0;G
Zach LaVine;24;27.3;16.7;38.3;1.8;34.1;81.3;3.9;3.0;1.8;1.0;0.2;0;0;G
Jamal Murray;81;31.7;16.7;45.1;2.0;37.8;90.5;3.7;3.4;2.1;1.0;0.3;1;0;G
Kyle Lowry;78;32.2;16.2;42.7;3.1;39.9;85.4;5.6;6.9;2.3;1.1;0.2;23;3;G
Brandon Ingram;59;33.5;16.1;47.0;0.7;39.0;68.1;5.3;3.9;2.5;0.8;0.7;6;0;G
Ben Simmons;81;33.7;15.8;54.5;0.0;0.0;56.0;8.1;8.2;3.4;1.7;0.9;38;12;G
Will Barton;81;33.1;15.7;45.2;1.9;37.0;80.5;5.0;4.1;1.8;1.0;0.6;2;0;G
D'Angelo Russell;48;25.7;15.5;41.4;1.9;32.4;74.0;3.9;5.2;3.1;0.8;0.4;5;1;G
Dennis Smith Jr.;69;29.7;15.2;39.5;1.5;31.3;69.4;3.8;5.2;2.8;1.0;0.3;6;1;G
Isaiah Thomas;32;26.9;15.2;37.3;1.7;29.3;89.3;2.1;4.8;3.0;0.5;0.1;0;0;G
Austin Rivers;61;33.7;15.1;42.4;2.2;37.8;64.2;2.4;4.0;1.8;1.2;0.3;0;0;G
Rodney Hood;60;26.9;14.7;42.9;2.1;38.1;86.0;2.8;1.6;1.2;0.8;0.2;0;0;G
Reggie Jackson;45;26.7;14.6;42.6;1.2;30.8;83.6;2.8;5.3;2.2;0.6;0.1;0;0;G
Jaylen Brown;70;30.7;14.5;46.5;1.7;39.5;64.4;4.9;1.6;1.8;1.0;0.4;2;0;G
Dion Waiters;30;30.6;14.3;39.8;1.7;30.6;73.9;2.6;3.8;2.3;0.8;0.3;0;0;G
Bojan Bogdanovic;80;30.8;14.3;47.4;1.9;40.2;86.8;3.4;1.5;1.3;0.7;0.1;0;0;G
Avery Bradley;46;31.2;14.3;41.4;1.6;36.9;76.8;2.5;2.0;2.2;1.1;0.2;0;0;G
Jeff Teague;70;33.0;14.2;44.6;1.2;36.8;84.5;3.0;7.0;2.5;1.5;0.3;13;0;G
Jordan Clarkson;81;23.3;13.9;45.1;1.4;35.2;80.0;2.7;2.7;1.6;0.7;0.1;1;0;G
Buddy Hield;80;25.3;13.5;44.6;2.2;43.1;87.7;3.8;1.9;1.6;1.1;0.3;0;0;G
Kris Dunn;52;29.3;13.4;42.9;0.8;32.1;73.7;4.3;6.0;2.9;2.0;0.5;4;0;G
Kentavious Caldwell-Pope;74;33.2;13.4;42.6;2.1;38.3;78.9;5.2;2.2;1.3;1.4;0.2;4;0;G
Allen Crabbe;75;29.3;13.2;40.7;2.7;37.8;85.2;4.3;1.6;1.0;0.6;0.5;0;0;G
Josh Jackson;77;25.4;13.1;41.7;0.7;26.3;63.4;4.6;1.5;1.9;1.0;0.5;5;0;G
Ricky Rubio;77;29.3;13.1;41.8;1.2;35.2;86.6;4.6;5.3;2.7;1.6;0.1;11;0;G
Malcolm Brogdon;48;29.9;13.0;48.5;1.3;38.5;88.2;3.3;3.2;1.4;0.9;0.3;1;0;G
Jeremy Lamb;80;24.6;12.9;45.7;1.2;37.0;86.1;4.1;2.3;1.2;0.8;0.4;0;0;G
Kent Bazemore;65;27.5;12.9;42.0;1.7;39.4;79.6;3.8;3.5;2.4;1.5;0.7;0;0;G
Trey Burke;36;21.8;12.8;50.3;1.1;36.2;64.9;2.0;4.7;1.2;0.7;0.1;3;0;G
Wesley Matthews;63;33.8;12.7;40.6;2.4;38.1;82.2;3.1;2.7;1.3;1.2;0.3;0;0;G
Elfrid Payton;63;28.7;12.7;49.3;0.5;32.6;64.9;4.3;6.2;2.7;1.3;0.3;8;2;G
Spencer Dinwiddie;80;28.8;12.6;38.7;1.8;32.6;81.3;3.2;6.6;1.6;0.9;0.3;7;0;G
E'Twaun Moore;82;31.5;12.5;50.8;1.6;42.5;70.6;2.9;2.3;1.2;1.0;0.1;0;0;G
Darren Collison;69;29.3;12.4;49.5;1.4;46.8;88.2;2.6;5.3;1.2;1.3;0.2;6;0;G
Patrick Beverley;11;30.3;12.2;40.3;2.2;40.0;82.4;4.1;2.9;2.3;1.7;0.5;0;0;G
Justin Holiday;72;31.5;12.2;37.1;2.2;35.9;82.3;4.0;2.1;1.3;1.1;0.4;2;0;G
Marco Belinelli;80;24.3;12.1;44.1;1.9;37.7;90.8;1.9;1.9;1.2;0.8;0.2;0;0;G
Gerald Green;41;22.7;12.1;40.7;2.7;36.9;85.0;3.2;0.6;0.8;0.6;0.4;0;0;G
Caris LeVert;71;26.2;12.1;43.5;1.2;34.7;71.1;3.7;4.2;2.2;1.2;0.3;3;0;G
Courtney Lee;76;30.4;12.0;45.4;1.5;40.6;91.9;2.9;2.4;1.1;1.1;0.2;1;0;G
Andre Ingram;2;32.1;12.0;47.1;2.5;55.6;100;3.0;3.5;1.5;1.5;1.5;0;0;G
Bogdan Bogdanovic;78;27.9;11.8;44.6;1.7;39.2;84.0;2.9;3.3;1.6;0.9;0.2;0;0;G
Tyler Johnson;72;28.5;11.7;43.5;1.7;36.7;82.2;3.4;2.3;1.1;0.8;0.5;0;0;G
Trevor Ariza;67;33.9;11.7;41.2;2.5;36.8;85.4;4.4;1.6;0.8;1.5;0.2;1;0;G
J.J. Barea;69;23.2;11.6;43.9;1.7;36.7;78.4;2.9;6.3;2.1;0.5;0.0;6;0;G
Nicolas Batum;64;31.0;11.6;41.5;1.4;33.6;83.1;4.8;5.5;2.0;1.0;0.4;7;2;G
De'Aaron Fox;73;27.7;11.6;41.2;0.6;30.7;72.3;2.8;4.4;2.4;1.0;0.3;3;0;G
Dwyane Wade;67;22.9;11.4;43.8;0.5;28.8;71.4;3.8;3.4;2.1;0.9;0.7;3;0;G
Reggie Bullock;62;27.9;11.3;48.9;2.0;44.5;79.6;2.5;1.5;0.8;0.8;0.2;0;0;G
Terry Rozier;80;25.9;11.3;39.5;1.9;38.1;77.2;4.7;2.9;1.0;1.0;0.2;1;1;G
Wayne Ellington;77;26.5;11.2;40.7;2.9;39.2;85.9;2.8;1.0;0.7;0.7;0.1;0;0;G
Dillon Brooks;82;28.7;11.0;44.0;1.1;35.6;74.7;3.1;1.6;1.5;0.9;0.2;0;0;G
Ish Smith;82;24.9;10.9;48.6;0.4;34.7;69.8;2.7;4.4;1.3;0.8;0.2;3;0;G
Joe Harris;78;25.3;10.8;49.1;1.9;41.9;82.7;3.3;1.6;1.2;0.4;0.3;2;0;G
Damion Lee;15;27.0;10.7;40.8;1.0;25.0;75.9;4.7;1.9;0.9;1.3;0.1;0;0;G
Jamal Crawford;80;20.7;10.3;41.5;1.3;33.1;90.3;1.2;2.3;1.2;0.5;0.1;0;0;G
Yogi Ferrell;82;27.8;10.2;42.6;1.6;37.3;79.6;3.0;2.5;1.0;0.8;0.1;3;0;G
D.J. Augustin;75;23.5;10.2;45.2;1.5;41.9;86.8;2.1;3.8;1.6;0.7;0.0;2;0;G
Marcus Smart;54;29.9;10.2;36.7;1.4;30.1;72.9;3.5;4.8;2.4;1.3;0.4;0;0;G
Lonzo Ball;52;34.2;10.2;36.0;1.7;30.5;45.1;6.9;7.2;2.6;1.7;0.8;13;2;G
Corey Brewer;18;28.6;10.1;44.4;1.3;34.3;79.5;3.4;1.3;0.6;2.1;0.3;0;0;G
Patty Mills;82;25.7;10.0;41.1;1.9;37.2;89.0;1.9;2.8;1.3;0.7;0.1;0;0;G
CJ Miles;70;19.1;10.0;37.9;2.3;36.1;83.5;2.2;0.8;0.6;0.5;0.3;0;0;G
George Hill;67;27.0;10.0;46.0;1.3;41.5;78.6;2.7;2.8;1.3;0.9;0.4;0;0;G
Tyrone Wallace;30;28.4;9.7;44.5;0.3;25.0;78.2;3.5;2.4;1.5;0.9;0.4;0;0;G
Mario Hezonja;75;22.1;9.6;44.2;1.2;33.7;81.9;3.7;1.4;1.1;1.1;0.4;2;0;G
Milos Teodosic;45;25.2;9.5;41.9;2.0;37.9;84.8;2.8;4.6;2.2;0.5;0.1;0;0;G
Andrew Harrison;56;23.7;9.5;42.2;0.8;33.1;78.0;2.3;3.2;1.4;0.7;0.5;0;0;G
Quinn Cook;33;22.4;9.5;48.4;1.4;44.2;88.0;2.5;2.7;1.0;0.4;0.0;0;0;G
Mike James;36;19.1;9.3;38.3;0.7;26.5;76.2;2.5;3.5;1.4;0.8;0.2;0;0;G
Wayne Selden;35;19.8;9.3;43.1;1.4;40.2;74.6;1.6;1.9;1.5;0.5;0.1;0;0;G
Lance Stephenson;82;22.6;9.2;42.7;0.8;28.9;66.1;5.2;2.9;1.6;0.6;0.2;3;0;G
Kyle Korver;73;21.6;9.2;45.9;2.2;43.6;88.9;2.3;1.2;0.8;0.4;0.4;0;0;G
Troy Daniels;79;20.5;8.9;40.3;2.3;40.0;87.5;1.6;0.6;0.7;0.3;0.1;0;0;G
Manu Ginobili;65;20.0;8.9;43.4;1.0;33.3;84.0;2.2;2.5;1.6;0.7;0.2;0;0;G
Cameron Payne;25;23.3;8.8;40.5;1.4;38.5;75.0;2.8;4.5;1.4;1.0;0.4;1;0;G
Terrence Ross;24;25.0;8.7;39.8;1.3;32.3;75.0;3.0;1.6;1.2;1.1;0.5;0;0;G
Shabazz Napier;74;20.7;8.7;42.0;1.1;37.6;84.1;2.3;2.0;1.2;1.1;0.2;0;0;G
Emmanuel Mudiay;64;19.4;8.6;38.8;0.7;31.8;76.0;2.4;3.2;1.8;0.6;0.2;1;0;G
Fred VanVleet;76;20.0;8.6;42.6;1.4;41.4;83.2;2.4;3.2;1.0;0.9;0.3;0;0;G
Isaiah Canaan;20;21.1;8.6;38.0;1.1;33.3;90.2;2.3;3.8;1.5;0.8;0.1;0;0;G
Danny Green;70;25.6;8.6;38.7;1.7;36.3;76.9;3.6;1.6;1.1;0.9;1.1;0;0;G
Jonathan Gibson;4;10.0;8.5;60.9;1.5;50.0;0.0;0.8;1.0;0.8;0.0;0.0;0;0;G
Garrett Temple;65;24.8;8.4;41.8;1.4;39.2;76.9;2.3;1.9;1.2;0.9;0.4;0;0;G
Devin Harris;71;18.9;8.4;41.2;1.1;34.8;83.5;1.8;2.1;1.1;0.7;0.2;0;0;G
Jerian Grant;74;22.8;8.4;41.6;0.8;32.6;74.5;2.3;4.6;1.2;0.9;0.1;5;0;G
Derrick Rose;25;16.8;8.4;43.5;0.3;23.3;87.0;1.4;1.5;1.4;0.3;0.2;0;0;G
JR Smith;80;28.1;8.3;40.3;1.8;37.5;69.6;2.9;1.8;1.0;0.9;0.1;0;0;G
Rajon Rondo;65;26.2;8.3;46.8;0.8;33.3;54.3;4.0;8.2;2.3;1.1;0.2;15;2;G
Evan Turner;79;25.7;8.2;44.7;0.5;31.8;85.0;3.1;2.2;1.3;0.6;0.4;0;0;G
Dante Exum;14;16.8;8.1;48.3;0.4;27.8;80.6;1.9;3.1;1.4;0.6;0.2;0;0;G
Dejounte Murray;81;21.5;8.1;44.3;0.1;26.5;70.9;5.7;2.9;1.7;1.2;0.4;7;0;G
Delon Wright;69;20.8;8.0;46.5;0.8;36.6;82.9;2.9;2.9;1.1;1.0;0.5;1;0;G
Aaron Jackson;1;34.5;8.0;33.3;1.0;25.0;50.0;3.0;1.0;1.0;0.0;0.0;0;0;G
Antonio Blakeney;19;16.5;7.9;37.1;0.8;28.8;76.9;1.7;1.1;0.6;0.4;0.1;0;0;G
Frank Mason;52;18.9;7.9;37.9;0.6;36.0;81.7;2.5;2.8;1.3;0.7;0.2;0;0;G
Cory Joseph;82;27.0;7.9;42.4;0.8;35.3;74.5;3.2;3.2;1.1;1.0;0.2;1;0;G
Josh Hart;63;23.2;7.9;46.9;1.2;39.6;70.2;4.2;1.3;0.7;0.7;0.3;8;0;G
Jerryd Bayless;39;23.7;7.9;41.6;1.4;37.0;79.5;2.1;1.4;1.2;0.6;0.2;0;0;G
Tyler Ulis;71;23.4;7.8;38.8;0.6;28.8;83.2;1.8;4.4;1.8;1.0;0.1;4;0;G
Justise Winslow;68;24.7;7.8;42.4;0.7;38.0;63.5;5.4;2.2;1.1;0.8;0.5;2;0;G
Alec Burks;64;16.5;7.7;41.1;0.7;33.1;86.3;3.0;1.0;0.9;0.6;0.1;0;0;G
Mario Chalmers;66;21.5;7.7;37.9;0.8;27.7;85.5;2.4;3.0;1.8;1.2;0.2;1;0;G
Tony Parker;55;19.5;7.7;45.9;0.2;27.0;70.5;1.7;3.5;1.2;0.5;0.0;0;0;G
Luke Kennard;73;20.0;7.6;44.3;1.1;41.5;85.5;2.4;1.7;0.9;0.6;0.2;1;0;G
Ben McLemore;56;19.5;7.5;42.1;1.0;34.6;82.8;2.5;0.9;1.1;0.7;0.3;0;0;G
Jarrett Jack;62;25.0;7.5;42.7;0.4;29.1;84.0;3.1;5.6;1.9;0.6;0.1;3;1;G
Ian Clark;74;19.7;7.4;44.8;0.8;31.8;76.3;1.7;1.5;0.8;0.4;0.1;0;0;G
Dwight Buycks;29;14.7;7.4;41.4;0.5;33.3;87.8;1.4;2.0;1.3;0.7;0.1;0;0;G
Nick Young;80;17.4;7.3;41.2;1.5;37.7;86.2;1.6;0.5;0.5;0.5;0.1;0;0;G
Tyler Dorsey;56;17.4;7.2;37.7;1.3;36.2;71.4;2.3;1.4;0.7;0.3;0.1;0;0;G
Tomas Satoransky;73;22.5;7.2;52.3;0.6;46.5;78.1;3.2;3.9;1.1;0.7;0.2;0;0;G
Markelle Fultz;14;18.1;7.1;40.5;0.0;0.0;47.6;3.1;3.8;1.2;0.9;0.3;1;1;G
Bryn Forbes;80;19.0;6.9;42.1;1.1;39.0;66.7;1.4;1.0;0.5;0.4;0.0;0;0;G
Raymond Felton;82;16.6;6.9;40.6;1.0;35.2;81.8;1.9;2.5;0.9;0.6;0.2;0;0;G
Tony Snell;75;27.4;6.9;43.5;1.4;40.3;79.2;1.9;1.3;0.5;0.6;0.4;0;0;G
Shelvin Mack;69;19.8;6.9;43.0;0.7;34.5;71.1;2.4;3.9;1.3;0.8;0.1;1;0;G
Joe Johnson;55;21.9;6.8;40.6;0.7;27.6;88.9;3.1;1.5;0.9;0.3;0.1;0;0;G
Malik Monk;63;13.5;6.7;36.0;1.3;34.2;84.2;1.0;1.4;0.8;0.3;0.1;0;0;G
Aaron Harrison;9;25.9;6.7;27.5;1.0;20.9;76.5;2.7;1.2;0.3;1.0;0.2;0;0;G
Isaiah Taylor;67;17.4;6.6;41.8;0.3;25.0;70.2;1.4;3.1;1.3;0.5;0.1;0;0;G
Danuel House;23;17.5;6.6;43.4;0.7;25.9;80.6;3.3;1.1;0.5;0.3;0.3;0;0;G
Shaquille Harrison;23;16.7;6.6;47.6;0.3;23.1;73.7;2.7;2.4;1.0;1.1;0.3;1;0;G
Jordan Crawford;5;10.7;6.6;44.4;1.6;57.1;100;0.8;2.6;1.0;0.2;0.2;0;0;G
Josh Gray;5;17.3;6.4;26.8;0.6;23.1;63.6;2.0;2.4;1.4;1.6;0.4;0;0;G
Sean Kilpatrick;52;12.3;6.3;37.4;0.9;31.9;88.9;1.7;0.9;0.7;0.3;0.1;0;0;G
Jodie Meeks;77;14.5;6.3;39.9;0.9;34.3;86.3;1.6;0.9;0.5;0.4;0.1;0;0;G
T.J. McConnell;76;22.5;6.3;49.9;0.4;43.5;79.5;3.0;4.0;1.5;1.2;0.2;2;1;G
Malcolm Delaney;54;18.8;6.3;38.2;0.9;37.1;80.4;1.9;3.0;1.2;0.6;0.1;0;0;G
Isaiah Whitehead;16;11.2;6.3;46.5;0.4;38.9;68.4;1.6;1.3;1.5;0.5;0.1;0;0;G
Justin Anderson;38;13.7;6.2;43.1;0.9;33.0;73.7;2.4;0.7;0.4;0.4;0.2;0;0;G
Langston Galloway;58;14.9;6.2;37.1;1.3;34.4;80.5;1.6;1.0;0.3;0.6;0.1;0;0;G
Kobi Simmons;32;20.1;6.1;42.3;0.3;28.2;100;1.6;2.1;1.4;0.6;0.2;0;0;G
Andre Iguodala;64;25.4;6.0;46.3;0.5;28.2;63.2;3.8;3.3;1.0;0.8;0.6;0;0;G
Rodney Purvis;16;18.1;6.0;32.7;0.8;25.0;86.7;1.7;1.1;0.6;0.2;0.2;0;0;G
Frank Ntilikina;78;21.9;5.9;36.4;0.6;31.8;72.1;2.3;3.2;1.7;0.8;0.2;1;0;G
Xavier Rathan-Mayes;5;23.6;5.8;28.6;0.2;7.1;44.4;1.0;3.6;2.2;1.2;0.6;0;0;G
Timothe Luwawu-Cabarrot;52;15.5;5.8;37.5;1.0;33.5;79.3;1.4;1.0;0.7;0.2;0.1;0;0;G
Shaun Livingston;71;15.9;5.5;50.1;0.0;0.0;82.0;1.8;2.0;0.8;0.5;0.3;0;0;G
C.J. Williams;38;18.6;5.5;44.2;0.6;28.2;81.3;1.5;1.1;0.5;0.8;0.3;0;0;G
Norman Powell;70;15.2;5.5;40.1;0.8;28.5;82.1;1.7;1.3;0.9;0.5;0.2;0;0;G
Wesley Johnson;74;20.1;5.4;40.8;0.8;33.9;74.1;2.9;0.8;0.7;1.0;0.8;1;0;G
Wade Baldwin IV;7;11.5;5.4;66.7;0.6;80.0;60.0;1.1;0.7;0.6;0.3;0.1;0;0;G
Vince Carter;58;17.7;5.4;40.3;1.0;34.5;75.7;2.6;1.2;0.6;0.7;0.4;0;0;G
Pat Connaughton;82;18.1;5.4;42.3;0.9;35.2;84.1;2.0;1.1;0.5;0.3;0.3;0;0;G
DeAndre' Bembry;26;17.5;5.2;41.4;0.4;36.7;57.6;2.8;1.9;1.8;0.8;0.5;0;0;G
Brandon Jennings;14;14.7;5.2;37.5;0.6;27.3;100;2.2;3.1;1.3;0.4;0.3;1;0;G
Jamel Artis;15;18.6;5.1;39.2;0.5;27.6;58.3;2.5;1.2;0.5;0.1;0.2;0;0;G
Tyus Jones;82;17.9;5.1;45.7;0.5;34.9;87.7;1.6;2.8;0.7;1.2;0.1;0;0;G
Rodney McGruder;18;16.6;5.1;49.3;0.8;42.9;50.0;1.8;0.9;0.2;0.4;0.2;0;0;G
Shabazz Muhammad;43;9.7;5.0;44.7;0.2;25.9;78.0;1.8;0.3;0.1;0.2;0.1;0;0;G
Andre Roberson;39;26.6;5.0;53.7;0.2;22.2;31.6;4.7;1.2;0.8;1.2;0.9;0;0;G
Jameer Nelson;50;20.3;4.9;38.9;0.8;33.1;80.0;2.1;3.6;1.3;0.5;0.1;0;0;G
Ramon Sessions;28;14.0;4.9;35.9;0.3;30.8;77.2;1.4;2.8;1.1;0.5;0.1;0;0;G
Jawun Evans;48;16.2;4.8;35.2;0.3;27.8;77.6;1.8;2.1;0.9;0.8;0.1;0;0;G
Alex Abrines;75;15.1;4.7;39.5;1.1;38.0;84.8;1.5;0.4;0.3;0.5;0.1;0;0;G
Tony Allen;22;12.4;4.7;48.4;0.2;33.3;52.4;2.1;0.4;0.9;0.5;0.1;0;0;G
Jaylen Morris;6;16.4;4.7;40.6;0.3;20.0;0.0;2.7;1.2;1.0;0.3;0.2;0;0;G
Michael Carter-Williams;52;16.1;4.6;33.2;0.3;23.7;82.0;2.7;2.2;1.0;0.8;0.4;0;0;G
Jose Calderon;57;16.0;4.5;50.3;0.8;46.4;80.0;1.5;2.1;0.7;0.5;0.0;0;0;G
Raul Neto;41;12.2;4.5;45.7;0.5;40.4;74.3;1.2;1.8;0.9;0.3;0.1;0;0;G
Iman Shumpert;14;19.7;4.4;37.9;0.5;26.9;73.3;2.9;1.2;1.1;0.6;0.3;0;0;G
Nik Stauskas;41;12.8;4.4;39.0;1.0;40.0;72.4;1.6;1.0;0.6;0.2;0.1;0;0;G
Treveon Graham;63;16.7;4.3;43.4;0.6;41.2;69.5;1.9;0.9;0.4;0.5;0.0;0;0;G
Matthew Dellavedova;38;18.7;4.3;36.2;0.8;37.2;92.6;1.7;3.8;1.3;0.4;0.0;0;0;G
Shane Larkin;54;14.3;4.3;38.4;0.6;36.0;86.5;1.7;1.8;0.6;0.5;0.0;1;0;G
Torrey Craig;39;16.1;4.2;45.3;0.4;29.3;62.9;3.3;0.6;0.5;0.3;0.4;0;0;G
Tyler Ennis;54;12.7;4.1;42.0;0.3;25.0;75.9;1.8;1.9;0.7;0.6;0.2;1;0;G
Damyean Dotson;44;10.8;4.1;44.7;0.5;32.4;69.6;1.9;0.7;0.4;0.3;0.0;2;0;G
Glenn Robinson III;23;14.7;4.1;42.4;0.6;41.2;81.8;1.6;0.7;0.2;0.6;0.0;0;0;G
Sterling Brown;54;14.4;4.0;40.0;0.6;35.2;87.5;2.6;0.5;0.5;0.6;0.2;0;0;G
Patrick McCaw;57;16.9;4.0;40.9;0.3;23.8;76.5;1.4;1.4;0.7;0.8;0.2;0;0;G
Joe Young;53;10.5;3.9;43.0;0.5;37.9;75.9;1.2;0.7;0.5;0.3;0.0;0;0;G
Cedi Osman;61;11.0;3.9;48.4;0.5;36.8;56.5;2.0;0.7;0.5;0.4;0.0;0;0;G
Sindarius Thornwell;73;15.8;3.9;42.9;0.3;37.7;67.0;1.9;0.9;0.7;0.7;0.3;0;0;G
RJ Hunter;5;9.0;3.8;35.0;0.6;21.4;100;1.0;0.6;0.4;0.6;0.0;0;0;G
Marquis Teague;3;24.6;3.7;25.0;0.3;25.0;40.0;2.0;4.3;1.0;1.3;0.0;0;0;G
Alex Caruso;37;15.2;3.6;43.1;0.4;30.2;70.0;1.8;2.0;1.1;0.6;0.3;0;0;G
Kay Felder;16;8.7;3.6;30.0;0.3;21.1;91.7;1.1;1.3;1.0;0.2;0.1;0;0;G
Malachi Richardson;26;12.4;3.4;33.3;0.5;30.0;77.3;1.3;0.5;0.4;0.4;0.0;0;0;G
Milton Doyle;10;12.5;3.4;27.7;0.4;17.4;50.0;1.8;1.0;0.2;0.6;0.2;0;0;G
Walter Lemon Jr.;5;7.0;3.4;43.8;0.2;100;66.7;0.4;1.0;0.8;0.0;0.2;0;0;G
Arron Afflalo;53;12.9;3.4;40.1;0.5;38.6;84.6;1.2;0.6;0.4;0.1;0.2;0;0;G
David Stockton;3;3.1;3.3;66.7;0.7;66.7;100;0.0;0.0;0.3;0.0;0.0;0;0;G
Monte Morris;3;8.4;3.3;66.7;0.0;0.0;100;0.7;2.3;0.3;1.0;0.0;0;0;G
Jason Terry;51;16.0;3.3;38.3;0.8;34.8;88.9;0.9;1.2;0.5;0.8;0.3;0;0;G
Derrick White;17;8.2;3.2;48.5;0.5;61.5;70.0;1.5;0.5;0.4;0.2;0.2;0;0;G
Malik Beasley;62;9.4;3.2;41.0;0.5;34.1;66.7;1.1;0.5;0.4;0.2;0.1;0;0;G
Kyle Collinsworth;32;15.0;3.2;38.4;0.1;23.5;52.5;3.3;1.8;0.8;0.5;0.3;1;0;G
Terrance Ferguson;61;12.5;3.1;41.4;0.7;33.3;90.0;0.8;0.3;0.2;0.4;0.2;0;0;G
Derrick Jones Jr.;20;12.3;3.1;39.6;0.2;16.7;66.7;1.9;0.5;0.4;0.2;0.7;0;0;G
Anthony Brown;1;3.7;3.0;100;1.0;100;0.0;0.0;1.0;0.0;0.0;0.0;0;0;G
Davon Reed;21;11.5;3.0;28.9;0.5;28.9;66.7;1.9;0.6;0.5;0.5;0.1;0;0;G
Gary Payton II;23;9.6;3.0;40.5;0.3;24.0;33.3;1.9;0.9;0.3;0.3;0.1;1;0;G
Jabari Bird;13;8.8;3.0;57.7;0.2;42.9;46.2;1.5;0.6;0.6;0.2;0.1;0;0;G
Naz Mitrou-Long;1;0.5;3.0;100;1.0;100;0.0;0.0;0.0;0.0;0.0;0.0;0;0;G
Tim Frazier;59;14.2;3.0;39.5;0.3;30.4;76.7;1.9;3.3;1.0;0.8;0.1;0;0;G
Gian Clavell;7;9.1;2.9;33.3;0.9;40.0;100;1.0;0.4;0.3;0.3;0.0;0;0;G
James Young;6;10.2;2.8;35.7;0.5;30.0;66.7;0.3;0.3;0.2;0.0;0.0;0;0;G
Briante Weber;18;13.1;2.8;44.2;0.2;36.4;80.0;1.9;1.2;0.8;1.0;0.3;0;0;G
Josh Magette;18;12.0;2.6;32.6;0.4;36.4;100;1.1;3.2;0.5;0.4;0.1;0;0;G
Bobby Brown;20;5.7;2.5;32.8;0.6;27.5;50.0;0.4;0.6;0.5;0.2;0.0;0;0;G
Ron Baker;29;13.3;2.4;33.9;0.4;33.3;76.9;1.0;1.6;0.6;0.9;0.2;0;0;G
Marcus Paige;5;5.6;2.4;28.6;0.4;25.0;100;0.8;0.6;0.0;0.0;0.0;0;0;G
Aaron Brooks;32;5.9;2.3;40.6;0.3;35.5;72.7;0.5;0.6;0.3;0.2;0.0;0;0;G
Josh Huestis;69;14.2;2.3;33.0;0.5;28.7;30.0;2.3;0.3;0.4;0.2;0.6;0;0;G
Brandon Paul;64;9.0;2.3;43.3;0.2;27.8;51.2;1.1;0.6;0.5;0.4;0.1;0;0;G
Lorenzo Brown;14;9.9;2.3;41.2;0.1;16.7;100;1.1;0.9;0.2;0.4;0.0;0;0;G
Rashad Vaughn;28;7.6;2.3;41.1;0.5;37.8;66.7;0.8;0.5;0.2;0.2;0.1;0;0;G
John Holland;24;7.3;2.3;28.8;0.5;30.6;69.2;1.0;0.2;0.3;0.3;0.1;0;0;G
Daniel Hamilton;6;4.6;2.0;45.5;0.3;40.0;0.0;0.8;1.3;0.3;0.2;0.0;0;0;G
Edmond Sumner;1;2.2;2.0;100;0.0;0.0;0.0;1.0;0.0;0.0;0.0;0.0;0;0;G
Ryan Arcidiacono;24;12.7;2.0;41.5;0.4;29.0;83.3;1.0;1.5;0.5;0.5;0.0;0;0;G
Quincy Pondexter;23;8.5;2.0;28.6;0.1;13.6;82.4;1.2;0.4;0.5;0.3;0.1;0;0;G
Derrick Walton Jr.;16;9.2;1.8;32.0;0.4;41.2;100;1.0;1.0;0.1;0.4;0.2;0;0;G
DeAndre Liggins;58;12.5;1.7;37.7;0.3;35.8;40.0;1.3;0.8;0.3;0.6;0.2;0;0;G
Damien Wilkins;19;8.0;1.7;33.3;0.2;22.2;75.0;0.8;0.5;0.3;0.1;0.1;0;0;G
Larry Drew II;10;7.0;1.7;29.2;0.3;33.3;0.0;0.3;1.0;0.3;0.0;0.0;0;0;G
Matt Williams Jr.;3;3.8;1.7;33.3;0.3;20.0;0.0;0.3;0.0;0.3;0.0;0.0;0;0;G
Furkan Korkmaz;14;5.7;1.6;28.6;0.4;29.4;50.0;0.8;0.3;0.1;0.1;0.1;0;0;G
Marcus Georges-Hunt;42;5.3;1.4;43.8;0.1;26.7;61.9;0.4;0.2;0.1;0.1;0.0;0;0;G
Antonius Cleveland;17;7.2;1.4;38.1;0.2;75.0;66.7;0.8;0.1;0.4;0.4;0.3;0;0;G
Tim Quarterman;3;4.3;1.3;33.3;0.0;0.0;100;1.0;0.3;0.7;0.0;0.0;0;0;G
Markel Brown;4;7.9;1.3;28.6;0.3;20.0;0.0;1.3;0.5;0.5;0.0;0.0;0;0;G
Darrun Hilliard;14;6.8;1.1;26.3;0.0;0.0;85.7;0.5;0.8;0.3;0.1;0.0;0;0;G
Demetrius Jackson;15;5.3;1.1;38.9;0.1;14.3;50.0;0.8;0.6;0.7;0.3;0.1;0;0;G
Kadeem Allen;18;6.0;1.1;27.3;0.0;0.0;77.8;0.6;0.7;0.5;0.2;0.1;0;0;G
PJ Dozier;2;1.6;1.0;50.0;0.0;0.0;0.0;0.5;0.0;0.5;0.0;0.0;0;0;G
Reggie Hearn;3;2.2;1.0;50.0;0.3;50.0;0.0;0.0;0.0;0.0;0.0;0.0;0;0;G
Scotty Hopson;1;8.4;1.0;0.0;0.0;0.0;50.0;0.0;1.0;1.0;0.0;0.0;0;0;G
Julyan Stone;23;7.6;0.8;46.2;0.3;46.2;50.0;1.3;1.1;0.3;0.2;0.1;0;0;G
Jacob Pullen;3;2.0;0.7;50.0;0.0;0.0;0.0;0.0;0.0;0.3;0.0;0.0;0;0;G
Vander Blue;5;9.0;0.6;20.0;0.0;0.0;50.0;0.2;0.6;0.6;0.2;0.0;0;0;G
London Perrantes;14;4.7;0.5;15.4;0.0;0.0;60.0;0.3;0.4;0.1;0.1;0.1;0;0;G
Xavier Munford;6;3.5;0.5;16.7;0.0;0.0;50.0;0.2;0.7;0.3;0.2;0.0;0;0;G
Charles Cooke;13;2.9;0.5;14.3;0.1;12.5;50.0;0.2;0.1;0.1;0.1;0.0;0;0;G
Nate Wolters;5;3.8;0.4;16.7;0.0;0.0;0.0;0.4;0.2;0.0;0.0;0.0;0;0;G
Jarell Eddie;3;2.9;0.0;0.0;0.0;0.0;0.0;0.3;0.0;0.0;0.3;0.0;0;0;G
Luis Montero;2;4.0;0.0;0.0;0.0;0.0;0.0;1.0;0.0;1.0;0.0;0.0;0;0;G
Trey McKinney-Jones;1;1.2;0.0;0.0;0.0;0.0;0.0;0.0;0.0;0.0;0.0;0.0;0;0;G
Xavier Silas;2;3.7;0.0;0.0;0.0;0.0;0.0;1.0;0.0;0.0;0.5;0.0;0;0;G
Anthony Davis;75;36.4;28.1;53.4;0.7;34.0;82.8;11.1;2.3;2.2;1.5;2.6;50;1;F
LeBron James;82;36.9;27.5;54.2;1.8;36.7;73.1;8.6;9.1;4.2;1.4;0.9;52;18;F
Giannis Antetokounmpo;75;36.7;26.9;52.9;0.6;30.7;76.0;10.0;4.8;3.0;1.5;1.4;42;1;F
Kevin Durant;68;34.2;26.4;51.6;2.5;41.9;88.9;6.8;5.4;3.0;0.7;1.8;15;2;F
LaMarcus Aldridge;75;33.4;23.1;51.0;0.4;29.3;83.7;8.5;2.0;1.5;0.6;1.2;27;0;F
Kristaps Porzingis;48;32.4;22.7;43.9;1.9;39.5;79.3;6.6;1.2;1.9;0.8;2.4;5;0;F
Paul George;79;36.6;21.9;43.0;3.1;40.1;82.2;5.7;3.3;2.7;2.0;0.5;4;0;F
Blake Griffin;58;34.0;21.4;43.8;1.9;34.5;78.5;7.4;5.8;2.8;0.7;0.3;16;3;F
Khris Middleton;82;36.4;20.1;46.6;1.8;35.9;88.4;5.2;4.0;2.3;1.5;0.3;5;1;F
MarShon Brooks;7;27.5;20.1;50.0;2.7;59.4;87.0;3.0;3.6;2.3;1.6;0.4;0;0;F
TJ Warren;65;33.0;19.6;49.8;0.3;22.2;75.7;5.1;1.3;1.3;1.0;0.6;6;0;F
Tyreke Evans;52;30.9;19.4;45.2;2.2;39.9;78.5;5.1;5.2;2.3;1.1;0.3;7;0;F
Harrison Barnes;77;34.2;18.9;44.5;1.5;35.7;82.7;6.1;2.0;1.5;0.6;0.2;8;0;F
Tobias Harris;80;33.3;18.6;46.0;2.3;41.1;82.9;5.5;2.4;1.3;0.9;0.4;3;0;F
Evan Fournier;57;32.2;17.8;45.9;2.2;37.9;86.7;3.2;2.9;1.7;0.8;0.3;0;0;F
Andrew Wiggins;82;36.3;17.7;43.8;1.4;33.1;64.3;4.4;2.0;1.7;1.1;0.6;1;0;F
Aaron Gordon;58;32.9;17.6;43.4;2.0;33.6;69.8;7.9;2.3;1.8;1.0;0.8;17;0;F
Kevin Love;59;28.0;17.6;45.8;2.3;41.5;88.0;9.3;1.7;1.5;0.7;0.4;31;0;F
Tim Hardaway Jr.;57;33.1;17.5;42.1;2.3;31.7;81.6;3.9;2.7;1.6;1.1;0.2;2;0;F
JJ Redick;70;30.2;17.1;46.0;2.8;42.0;90.4;2.5;3.0;1.5;0.5;0.1;0;0;F
Kawhi Leonard;9;23.3;16.2;46.8;1.2;31.4;81.6;4.7;2.3;1.8;2.0;1.0;0;0;F
Carmelo Anthony;78;32.1;16.2;40.4;2.2;35.7;76.7;5.8;1.3;1.3;0.6;0.6;6;0;F
Julius Randle;82;26.7;16.1;55.8;0.1;22.2;71.8;8.0;2.6;2.6;0.5;0.5;28;1;F
Kyle Kuzma;77;31.2;16.1;45.0;2.1;36.6;70.7;6.3;1.8;1.8;0.6;0.4;17;0;F
Brandon Ingram;59;33.5;16.1;47.0;0.7;39.0;68.1;5.3;3.9;2.5;0.8;0.7;6;0;F
Ben Simmons;81;33.7;15.8;54.5;0.0;0.0;56.0;8.1;8.2;3.4;1.7;0.9;38;12;F
Will Barton;81;33.1;15.7;45.2;1.9;37.0;80.5;5.0;4.1;1.8;1.0;0.6;2;0;F
Nikola Mirotic;55;27.2;15.6;44.7;2.5;37.7;81.8;7.4;1.5;1.1;0.8;0.7;12;0;F
Danilo Gallinari;21;32.0;15.3;39.8;1.7;32.4;93.1;4.8;2.0;1.2;0.6;0.5;0;0;F
Lauri Markkanen;68;29.7;15.2;43.4;2.1;36.2;84.3;7.5;1.2;1.2;0.6;0.6;14;0;F
Otto Porter Jr.;77;31.6;14.7;50.3;1.8;44.1;82.8;6.4;2.0;1.0;1.5;0.5;13;0;F
Dario Saric;78;29.6;14.6;45.3;2.0;39.3;86.0;6.7;2.6;1.9;0.7;0.3;13;0;F
Paul Millsap;38;30.1;14.6;46.4;1.0;34.5;69.6;6.4;2.8;1.9;1.0;1.2;2;0;F
Jaylen Brown;70;30.7;14.5;46.5;1.7;39.5;64.4;4.9;1.6;1.8;1.0;0.4;2;0;F
Zach Randolph;59;25.6;14.5;47.3;0.9;34.7;78.5;6.7;2.2;2.0;0.7;0.2;8;0;F
Bojan Bogdanovic;80;30.8;14.3;47.4;1.9;40.2;86.8;3.4;1.5;1.3;0.7;0.1;0;0;F
Taurean Prince;82;30.0;14.1;42.6;2.1;38.5;84.4;4.7;2.6;2.3;1.0;0.5;5;0;F
Jonathon Simmons;69;29.4;13.9;46.5;1.0;33.8;76.8;3.5;2.5;2.1;0.8;0.2;0;0;F
Rondae Hollis-Jefferson;68;28.2;13.9;47.2;0.2;24.1;78.8;6.8;2.5;1.8;1.0;0.7;12;0;F
Jayson Tatum;80;30.5;13.9;47.5;1.3;43.4;82.6;5.0;1.6;1.4;1.0;0.7;4;0;F
Marcus Morris;54;26.7;13.6;42.9;1.6;36.8;80.5;5.4;1.3;1.2;0.6;0.2;2;0;F
DeMarre Carroll;73;29.9;13.5;41.4;2.0;37.1;76.4;6.6;2.0;1.4;0.8;0.4;13;0;F
Bobby Portis;73;22.5;13.2;47.1;1.1;35.9;76.9;6.8;1.7;1.4;0.7;0.3;12;0;F
Allen Crabbe;75;29.3;13.2;40.7;2.7;37.8;85.2;4.3;1.6;1.0;0.6;0.5;0;0;F
Michael Beasley;74;22.3;13.2;50.7;0.5;39.5;78.0;5.6;1.7;1.9;0.5;0.6;10;0;F
Josh Jackson;77;25.4;13.1;41.7;0.7;26.3;63.4;4.6;1.5;1.9;1.0;0.5;5;0;F
Josh Richardson;81;33.2;12.9;45.1;1.6;37.8;84.5;3.5;2.9;1.7;1.5;0.9;0;0;F
Al Horford;72;31.6;12.9;48.9;1.3;42.9;78.3;7.4;4.7;1.8;0.6;1.1;15;0;F
Wesley Matthews;63;33.8;12.7;40.6;2.4;38.1;82.2;3.1;2.7;1.3;1.2;0.3;0;0;F
Serge Ibaka;76;27.5;12.6;48.3;1.4;36.0;79.7;6.3;0.8;1.2;0.4;1.3;8;0;F
Jabari Parker;31;24.0;12.6;48.2;1.0;38.3;74.1;4.9;1.9;1.5;0.8;0.3;3;0;F
Robert Covington;80;31.6;12.6;41.3;2.5;36.9;85.3;5.4;2.0;1.6;1.7;0.9;7;0;F
E'Twaun Moore;82;31.5;12.5;50.8;1.6;42.5;70.6;2.9;2.3;1.2;1.0;0.1;0;0;F
Derrick Favors;77;28.0;12.3;56.3;0.2;22.2;65.1;7.2;1.3;1.1;0.7;1.1;15;0;F
Taj Gibson;82;33.2;12.2;57.7;0.1;20.0;76.8;7.1;1.2;1.1;0.8;0.7;18;0;F
Justin Holiday;72;31.5;12.2;37.1;2.2;35.9;82.3;4.0;2.1;1.3;1.1;0.4;2;0;F
Marco Belinelli;80;24.3;12.1;44.1;1.9;37.7;90.8;1.9;1.9;1.2;0.8;0.2;0;0;F
Gerald Green;41;22.7;12.1;40.7;2.7;36.9;85.0;3.2;0.6;0.8;0.6;0.4;0;0;F
Caris LeVert;71;26.2;12.1;43.5;1.2;34.7;71.1;3.7;4.2;2.2;1.2;0.3;3;0;F
Dirk Nowitzki;77;24.7;12.0;45.6;1.8;40.9;89.8;5.7;1.6;0.7;0.6;0.6;5;0;F
Thaddeus Young;81;32.2;11.8;48.7;0.7;32.0;59.8;6.3;1.9;1.3;1.7;0.4;9;0;F
Kelly Oubre Jr.;81;27.5;11.8;40.3;1.6;34.1;82.0;4.5;1.2;1.1;1.0;0.4;0;0;F
Trevor Ariza;67;33.9;11.7;41.2;2.5;36.8;85.4;4.4;1.6;0.8;1.5;0.2;1;0;F
Domantas Sabonis;74;24.5;11.6;51.4;0.2;35.1;75.0;7.7;2.0;1.9;0.5;0.4;15;0;F
Nicolas Batum;64;31.0;11.6;41.5;1.4;33.6;83.1;4.8;5.5;2.0;1.0;0.4;7;2;F
Markieff Morris;73;27.0;11.5;48.0;1.0;36.7;82.0;5.6;1.9;1.7;0.8;0.5;5;0;F
Rudy Gay;57;21.6;11.5;47.1;0.6;31.4;77.2;5.1;1.3;1.4;0.8;0.7;1;0;F
Kelly Olynyk;76;23.4;11.5;49.7;1.4;37.9;77.0;5.7;2.7;1.9;0.8;0.5;7;0;F
Joe Ingles;82;31.4;11.5;46.7;2.5;44.0;79.5;4.2;4.8;1.9;1.1;0.2;4;0;F
Reggie Bullock;62;27.9;11.3;48.9;2.0;44.5;79.6;2.5;1.5;0.8;0.8;0.2;0;0;F
Frank Kaminsky;79;23.2;11.1;42.9;1.3;38.0;79.9;3.6;1.6;0.8;0.5;0.2;0;0;F
Draymond Green;70;32.7;11.0;45.4;1.1;30.1;77.5;7.6;7.3;2.9;1.4;1.3;23;3;F
Montrezl Harrell;76;17.0;11.0;63.5;0.0;14.3;62.6;4.0;1.0;0.9;0.5;0.7;0;0;F
Dillon Brooks;82;28.7;11.0;44.0;1.1;35.6;74.7;3.1;1.6;1.5;0.9;0.2;0;0;F
Ersan Ilyasova;69;25.1;10.9;45.2;1.3;36.0;77.8;5.9;1.3;1.0;0.9;0.4;7;0;F
Jeff Green;78;23.4;10.8;47.7;0.7;31.2;86.8;3.2;1.3;1.0;0.5;0.4;1;0;F
Joe Harris;78;25.3;10.8;49.1;1.9;41.9;82.7;3.3;1.6;1.2;0.4;0.3;2;0;F
James Johnson;73;26.6;10.8;50.3;0.8;30.8;69.8;4.9;3.8;1.9;1.0;0.7;6;0;F
John Collins;74;24.1;10.5;57.6;0.2;34.0;71.5;7.3;1.3;1.4;0.6;1.1;11;0;F
JaMychal Green;55;28.0;10.3;45.7;0.8;33.9;72.1;8.4;1.4;1.4;0.6;0.5;16;0;F
Greg Monroe;51;20.4;10.3;56.5;0.0;0.0;73.9;6.9;2.2;1.8;0.9;0.5;9;1;F
Denzel Valentine;77;27.2;10.2;41.7;1.9;38.6;74.5;5.1;3.2;1.3;0.8;0.1;5;0;F
CJ Miles;70;19.1;10.0;37.9;2.3;36.1;83.5;2.2;0.8;0.6;0.5;0.3;0;0;F
Wilson Chandler;74;31.7;10.0;44.5;1.2;35.8;77.2;5.4;2.1;1.2;0.6;0.5;4;0;F
Trey Lyles;73;19.1;9.9;49.1;1.1;38.1;70.6;4.8;1.2;0.8;0.4;0.5;6;0;F
Jae Crowder;80;26.1;9.7;40.4;1.4;32.3;81.8;3.4;1.2;0.9;0.8;0.3;0;0;F
Mario Hezonja;75;22.1;9.6;44.2;1.2;33.7;81.9;3.7;1.4;1.1;1.1;0.4;2;0;F
Marvin Williams;78;25.7;9.5;45.8;1.6;41.3;82.9;4.7;1.2;0.8;0.7;0.5;3;0;F
Ryan Anderson;66;26.1;9.3;43.1;2.0;38.6;77.4;5.0;0.9;0.6;0.4;0.3;2;0;F
Al-Farouq Aminu;69;30.0;9.3;39.5;1.8;36.9;73.8;7.6;1.2;1.1;1.1;0.6;9;0;F
Wayne Selden;35;19.8;9.3;43.1;1.4;40.2;74.6;1.6;1.9;1.5;0.5;0.1;0;0;F
Michael Kidd-Gilchrist;74;25.0;9.2;50.4;0.0;0.0;68.4;4.1;1.0;0.7;0.7;0.4;2;0;F
Anthony Tolliver;79;22.2;8.9;46.4;2.0;43.6;79.7;3.1;1.1;0.7;0.4;0.3;1;0;F
Mike Scott;76;18.5;8.8;52.7;0.9;40.5;65.8;3.3;1.1;1.0;0.3;0.1;0;0;F
Johnathan Motley;11;16.0;8.7;53.3;0.1;16.7;53.6;4.5;0.6;0.8;0.3;0.2;1;0;F
Skal Labissiere;60;20.7;8.7;44.8;0.3;35.3;80.5;4.8;1.2;1.2;0.4;0.8;3;0;F
Terrence Ross;24;25.0;8.7;39.8;1.3;32.3;75.0;3.0;1.6;1.2;1.1;0.5;0;0;F
Larry Nance Jr.;66;21.5;8.7;58.1;0.0;16.7;66.4;6.8;1.2;0.8;1.3;0.6;11;0;F
Stanley Johnson;69;27.4;8.7;37.5;1.0;28.6;77.2;3.7;1.6;1.1;1.4;0.2;2;0;F
Danny Green;70;25.6;8.6;38.7;1.7;36.3;76.9;3.6;1.6;1.1;0.9;1.1;0;0;F
Dwight Powell;79;21.2;8.5;59.3;0.4;33.3;71.9;5.6;1.2;0.7;0.8;0.4;5;0;F
Jerami Grant;81;20.3;8.4;53.5;0.4;29.1;67.5;3.9;0.7;0.7;0.4;1.0;2;0;F
Garrett Temple;65;24.8;8.4;41.8;1.4;39.2;76.9;2.3;1.9;1.2;0.9;0.4;0;0;F
JR Smith;80;28.1;8.3;40.3;1.8;37.5;69.6;2.9;1.8;1.0;0.9;0.1;0;0;F
Evan Turner;79;25.7;8.2;44.7;0.5;31.8;85.0;3.1;2.2;1.3;0.6;0.4;0;0;F
Thabo Sefolosha;38;21.2;8.2;49.2;0.8;38.1;81.5;4.2;0.9;0.8;1.4;0.3;2;0;F
David Nwaba;70;23.5;7.9;47.8;0.3;34.6;65.5;4.7;1.5;1.1;0.8;0.4;3;0;F
Kyle Anderson;74;26.7;7.9;52.7;0.3;33.3;71.2;5.4;2.7;1.3;1.6;0.8;6;0;F
Chandler Parsons;36;19.2;7.9;46.2;1.4;42.1;63.0;2.5;1.9;1.0;0.5;0.3;0;0;F
Justise Winslow;68;24.7;7.8;42.4;0.7;38.0;63.5;5.4;2.2;1.1;0.8;0.5;2;0;F
Doug McDermott;81;21.8;7.8;46.7;1.1;42.6;79.0;2.5;1.0;0.7;0.2;0.2;0;0;F
Darius Miller;82;23.7;7.8;44.4;1.8;41.1;86.6;2.0;1.4;0.7;0.3;0.2;0;0;F
Jarell Martin;73;22.7;7.7;44.6;0.5;34.7;76.7;4.4;1.0;1.2;0.5;0.7;2;0;F
Marreese Speights;52;13.0;7.7;39.5;1.7;36.9;72.7;2.6;0.8;0.8;0.2;0.4;1;0;F
Marquese Chriss;72;21.2;7.7;42.3;0.8;29.5;60.8;5.5;1.2;1.5;0.7;1.0;5;0;F
Mike Muscala;53;20.0;7.6;45.8;1.2;37.1;91.9;4.3;1.0;0.8;0.6;0.5;2;0;F
Luc Mbah a Moute;61;25.6;7.5;48.1;1.0;36.4;68.4;3.0;0.9;1.1;1.2;0.4;0;0;F
Pascal Siakam;81;20.7;7.3;50.8;0.4;22.0;62.1;4.5;2.0;0.8;0.8;0.5;0;0;F
Nick Young;80;17.4;7.3;41.2;1.5;37.7;86.2;1.6;0.5;0.5;0.5;0.1;0;0;F
Tomas Satoransky;73;22.5;7.2;52.3;0.6;46.5;78.1;3.2;3.9;1.1;0.7;0.2;0;0;F
Kyle O'Quinn;77;18.0;7.1;58.3;0.1;23.5;77.2;6.1;2.1;1.3;0.5;1.3;8;0;F
James Ennis III;72;22.3;7.1;47.4;0.7;33.3;83.6;3.1;1.0;0.8;0.7;0.3;1;0;F
Mirza Teletovic;10;15.9;7.1;43.9;2.1;46.7;0.0;2.3;1.0;0.7;0.4;0.1;0;0;F
Mason Plumlee;74;19.5;7.1;60.1;0.0;0.0;45.8;5.4;1.9;1.4;0.7;1.1;3;0;F
Cody Zeller;33;19.0;7.1;54.5;0.1;66.7;71.8;5.4;0.9;1.0;0.4;0.6;1;0;F
Jamil Wilson;15;18.3;7.0;46.9;1.8;42.9;50.0;2.1;0.7;0.5;0.3;0.5;0;0;F
Bam Adebayo;69;19.8;6.9;51.2;0.0;0.0;72.1;5.5;1.5;1.0;0.5;0.6;7;0;F
David West;73;13.7;6.8;57.1;0.0;37.5;75.9;3.3;1.9;1.1;0.6;1.0;0;0;F
Nemanja Bjelica;67;20.5;6.8;46.1;1.1;41.5;80.0;4.1;1.3;0.8;0.7;0.2;1;0;F
Joe Johnson;55;21.9;6.8;40.6;0.7;27.6;88.9;3.1;1.5;0.9;0.3;0.1;0;0;F
Luke Kornet;20;16.3;6.7;39.2;1.4;35.4;72.7;3.2;1.3;0.6;0.3;0.8;1;0;F
Justin Jackson;68;22.2;6.7;44.2;0.8;30.8;72.2;2.8;1.1;0.6;0.4;0.2;0;0;F
Danuel House;23;17.5;6.6;43.4;0.7;25.9;80.6;3.3;1.1;0.5;0.3;0.3;0;0;F
Nene;52;14.6;6.5;56.9;0.0;0.0;63.6;3.4;0.9;0.7;0.5;0.3;0;0;F
Maurice Harkless;59;21.4;6.5;49.5;0.8;41.5;71.2;2.7;0.9;0.7;0.8;0.7;0;0;F
Richaun Holmes;48;15.5;6.5;56.0;0.1;12.9;66.1;4.4;1.3;0.5;0.4;0.6;1;0;F
Dragan Bender;82;25.2;6.5;38.6;1.4;36.6;76.5;4.4;1.6;1.4;0.3;0.6;3;0;F
Troy Williams;21;14.6;6.3;46.8;0.5;28.9;66.7;3.0;0.8;0.9;1.0;0.2;0;0;F
Trevor Booker;68;17.0;6.3;51.6;0.1;24.2;71.0;4.7;1.2;0.9;0.4;0.3;4;0;F
Justin Anderson;38;13.7;6.2;43.1;0.9;33.0;73.7;2.4;0.7;0.4;0.4;0.2;0;0;F
PJ Tucker;82;27.8;6.1;39.0;1.4;37.1;71.7;5.6;0.9;0.9;1.0;0.3;3;0;F
Andre Iguodala;64;25.4;6.0;46.3;0.5;28.2;63.2;3.8;3.3;1.0;0.8;0.6;0;0;F
Davis Bertans;77;14.1;5.9;44.0;1.2;37.3;81.6;2.0;1.0;0.5;0.3;0.4;0;0;F
OG Anunoby;74;20.0;5.9;47.1;1.0;37.1;62.9;2.5;0.7;0.6;0.7;0.2;0;0;F
Kenneth Faried;32;14.4;5.9;51.4;0.0;0.0;70.6;4.8;0.6;0.7;0.4;0.4;3;0;F
Quincy Acy;70;19.4;5.9;35.6;1.5;34.9;81.7;3.7;0.8;0.9;0.5;0.4;0;0;F
Dorian Finney-Smith;21;21.3;5.9;38.0;1.0;29.9;73.3;3.6;1.2;1.0;0.5;0.2;1;0;F
Deyonta Davis;62;15.2;5.8;60.8;0.0;0.0;66.7;4.0;0.6;0.5;0.2;0.6;1;0;F
Jonas Jerebko;74;15.3;5.8;46.6;0.9;41.4;80.7;3.3;0.6;0.4;0.3;0.2;0;0;F
Tristan Thompson;53;20.2;5.8;56.2;0.0;0.0;54.4;6.6;0.6;0.7;0.3;0.3;3;0;F
Timothe Luwawu-Cabarrot;52;15.5;5.8;37.5;1.0;33.5;79.3;1.4;1.0;0.7;0.2;0.1;0;0;F
Jack Cooley;7;12.5;5.7;48.1;0.0;0.0;73.7;4.3;0.9;0.4;0.1;0.0;0;0;F
Dante Cunningham;73;21.4;5.7;45.1;0.8;34.5;59.6;4.1;0.7;0.5;0.5;0.4;1;0;F
Jameel Warney;3;9.0;5.7;58.3;0.0;0.0;60.0;3.0;0.0;0.3;0.0;0.0;0;0;F
Omri Casspi;53;14.0;5.7;58.0;0.2;45.5;72.5;3.8;1.0;0.7;0.3;0.4;3;0;F
Cristiano Felicio;55;17.8;5.6;59.1;0.0;0.0;66.7;4.2;1.0;1.0;0.3;0.2;3;0;F
Ivan Rabb;36;14.3;5.6;56.6;0.0;0.0;80.6;4.4;0.9;1.0;0.3;0.4;3;0;F
C.J. Williams;38;18.6;5.5;44.2;0.6;28.2;81.3;1.5;1.1;0.5;0.8;0.3;0;0;F
Norman Powell;70;15.2;5.5;40.1;0.8;28.5;82.1;1.7;1.3;0.9;0.5;0.2;0;0;F
Omari Johnson;4;18.8;5.5;42.9;1.0;33.3;0.0;2.8;1.8;0.8;0.5;0.0;0;0;F
Wesley Johnson;74;20.1;5.4;40.8;0.8;33.9;74.1;2.9;0.8;0.7;1.0;0.8;1;0;F
Vince Carter;58;17.7;5.4;40.3;1.0;34.5;75.7;2.6;1.2;0.6;0.7;0.4;0;0;F
Pat Connaughton;82;18.1;5.4;42.3;0.9;35.2;84.1;2.0;1.1;0.5;0.3;0.3;0;0;F
Jon Leuer;8;17.1;5.4;41.7;0.0;0.0;86.7;4.0;0.6;0.9;0.1;0.4;0;0;F
Jonathan Isaac;27;19.8;5.4;37.9;0.6;34.8;76.0;3.7;0.7;1.0;1.2;1.1;0;0;F
Maxi Kleber;72;16.8;5.4;48.9;0.6;31.3;74.6;3.3;0.7;0.4;0.4;0.7;1;0;F
Myke Henry;20;18.9;5.4;37.6;1.0;32.8;60.0;1.9;1.1;1.0;1.6;0.3;0;0;F
Ed Davis;78;18.9;5.3;58.2;0.0;0.0;66.7;7.4;0.5;0.8;0.4;0.7;6;0;F
Corey Brewer;72;16.8;5.3;44.9;0.4;28.2;72.2;2.1;0.9;0.7;1.1;0.2;0;0;F
Daniel Theis;63;14.9;5.3;54.1;0.3;31.0;75.3;4.3;0.9;0.9;0.5;0.8;2;0;F
DeAndre' Bembry;26;17.5;5.2;41.4;0.4;36.7;57.6;2.8;1.9;1.8;0.8;0.5;0;0;F
Luke Babbitt;50;14.3;5.2;42.3;1.2;38.5;77.3;1.9;0.6;0.4;0.2;0.1;0;0;F
Rodney McGruder;18;16.6;5.1;49.3;0.8;42.9;50.0;1.8;0.9;0.2;0.4;0.2;0;0;F
Channing Frye;53;13.1;5.0;49.1;0.7;33.9;89.5;2.5;0.7;0.4;0.3;0.2;0;0;F
Shabazz Muhammad;43;9.7;5.0;44.7;0.2;25.9;78.0;1.8;0.3;0.1;0.2;0.1;0;0;F
Royce O'Neale;69;16.7;5.0;42.3;0.6;35.6;80.3;3.4;1.4;0.8;0.5;0.2;1;0;F
Brandan Wright;28;13.6;5.0;57.8;0.0;0.0;63.6;3.4;0.5;0.3;0.5;0.9;0;0;F
Noah Vonleh;54;16.2;4.9;44.4;0.4;30.3;62.1;5.8;0.6;0.6;0.4;0.3;3;0;F
Cheick Diallo;52;11.2;4.9;58.0;0.0;0.0;75.8;4.1;0.4;0.5;0.2;0.4;3;0;F
Thon Maker;74;16.7;4.8;41.1;0.4;29.8;69.9;3.0;0.6;0.6;0.5;0.7;0;0;F
Johnny O'Bryant III;36;10.5;4.8;39.8;0.4;32.6;84.0;2.6;0.4;0.4;0.3;0.2;0;0;F
Tyler Cavanaugh;39;13.3;4.7;44.1;0.8;36.0;81.0;3.3;0.7;0.3;0.2;0.1;0;0;F
JaKarr Sampson;22;15.6;4.7;54.3;0.2;50.0;62.5;3.5;0.4;0.4;0.4;1.0;0;0;F
Tony Allen;22;12.4;4.7;48.4;0.2;33.3;52.4;2.1;0.4;0.9;0.5;0.1;0;0;F
Jalen Jones;16;11.3;4.6;38.2;0.6;38.5;63.2;2.4;0.3;0.4;0.3;0.1;0;0;F
Amir Johnson;74;15.8;4.6;53.8;0.1;31.3;61.2;4.5;1.6;0.7;0.6;0.6;1;0;F
Andrew White III;15;13.9;4.6;34.2;1.2;36.7;25.0;2.3;0.4;0.5;0.2;0.1;0;0;F
Jordan Bell;57;14.2;4.6;62.7;0.0;0.0;68.2;3.6;1.8;0.9;0.6;1.0;1;0;F
Isaiah Hicks;18;13.3;4.4;45.8;0.1;22.2;66.7;2.3;0.9;0.9;0.1;0.2;0;0;F
Zach Collins;66;15.8;4.4;39.8;0.5;31.0;64.3;3.3;0.8;0.9;0.3;0.5;0;0;F
Travis Wear;17;13.4;4.4;34.7;1.0;36.2;100;2.2;0.4;0.4;0.2;0.3;0;0;F
Treveon Graham;63;16.7;4.3;43.4;0.6;41.2;69.5;1.9;0.9;0.4;0.5;0.0;0;0;F
Miles Plumlee;55;16.7;4.3;58.3;0.0;0.0;45.0;4.1;0.8;1.1;0.3;0.5;1;0;F
Adreian Payne;5;8.5;4.2;70.0;0.4;66.7;83.3;1.8;0.0;0.4;0.4;0.0;0;0;F
Torrey Craig;39;16.1;4.2;45.3;0.4;29.3;62.9;3.3;0.6;0.5;0.3;0.4;0;0;F
Sam Dekker;73;12.1;4.2;49.4;0.1;16.7;66.1;2.4;0.5;0.5;0.3;0.1;0;0;F
Glenn Robinson III;23;14.7;4.1;42.4;0.6;41.2;81.8;1.6;0.7;0.2;0.6;0.0;0;0;F
Alec Peters;20;11.2;4.1;37.8;0.9;31.0;80.0;1.9;0.6;0.2;0.1;0.1;0;0;F
Lance Thomas;73;18.5;4.1;38.2;0.7;40.3;83.0;2.4;0.6;0.6;0.4;0.2;0;0;F
Kevon Looney;66;13.8;4.0;58.0;0.0;20.0;54.5;3.3;0.6;0.5;0.5;0.8;0;0;F
Jordan Mickey;23;12.4;4.0;47.6;0.1;12.5;68.4;3.5;0.4;0.8;0.3;0.4;0;0;F
Paul Zipser;54;15.3;4.0;34.6;0.7;33.6;76.0;2.4;0.9;0.8;0.4;0.3;0;0;F
Alan Williams;5;14.1;4.0;38.9;0.0;0.0;66.7;4.4;1.6;1.4;1.0;0.2;0;0;F
Henry Ellenson;38;8.7;4.0;36.3;0.5;33.3;86.2;2.1;0.5;0.5;0.1;0.0;1;0;F
Cedi Osman;61;11.0;3.9;48.4;0.5;36.8;56.5;2.0;0.7;0.5;0.4;0.0;0;0;F
Patrick Patterson;82;15.5;3.9;39.8;0.8;38.6;87.0;2.4;0.7;0.4;0.6;0.3;0;0;F
Ante Zizic;32;6.7;3.7;73.1;0.0;0.0;72.4;1.9;0.2;0.3;0.1;0.4;0;0;F
Wes Iwundu;62;16.5;3.7;42.7;0.1;19.6;72.3;2.2;0.9;0.5;0.5;0.2;0;0;F
Tarik Black;51;10.5;3.5;59.1;0.0;9.1;46.0;3.2;0.3;0.7;0.4;0.6;2;0;F
Jason Smith;33;8.6;3.4;39.1;0.1;12.5;90.5;1.6;0.4;0.5;0.1;0.4;0;0;F
Okaro White;6;13.3;3.3;43.8;0.7;36.4;66.7;1.8;0.3;0.2;0.2;0.2;0;0;F
Dwayne Bacon;53;13.5;3.3;37.5;0.2;25.6;80.0;2.3;0.7;0.4;0.3;0.0;0;0;F
Juancho Hernangomez;25;11.1;3.3;38.7;0.6;28.0;83.3;2.2;0.5;0.4;0.2;0.1;0;0;F
Jared Dudley;48;14.3;3.2;39.3;0.6;36.3;77.1;2.0;1.6;0.6;0.5;0.2;0;0;F
Derrick Jones Jr.;20;12.3;3.1;39.6;0.2;16.7;66.7;1.9;0.5;0.4;0.2;0.7;0;0;F
Abdel Nader;48;10.9;3.0;33.6;0.5;35.4;59.0;1.5;0.5;0.7;0.3;0.2;0;0;F
Anthony Brown;1;3.7;3.0;100;1.0;100;0.0;0.0;1.0;0.0;0.0;0.0;0;0;F
Nigel Hayes;9;13.6;3.0;33.3;0.4;25.0;33.3;2.4;0.7;0.2;0.2;0.3;0;0;F
TJ Leaf;53;8.7;2.9;47.1;0.3;42.9;62.5;1.5;0.2;0.2;0.1;0.1;0;0;F
Darrell Arthur;19;7.4;2.8;46.8;0.4;34.8;66.7;0.8;0.5;0.8;0.4;0.2;0;0;F
James Young;6;10.2;2.8;35.7;0.5;30.0;66.7;0.3;0.3;0.2;0.0;0.0;0;0;F
Semi Ojeleye;73;15.8;2.7;34.6;0.5;32.0;61.0;2.2;0.3;0.3;0.3;0.1;0;0;F
James Michael McAdoo;3;6.0;2.7;28.6;0.7;28.6;100;0.7;0.0;0.3;0.0;0.3;0;0;F
Ekpe Udoh;63;12.9;2.6;50.0;0.0;0.0;75.0;2.4;0.8;0.3;0.7;1.2;0;0;F
Malcolm Miller;15;8.4;2.5;46.4;0.5;38.1;100;1.0;0.2;0.3;0.1;0.1;0;0;F
Chris McCullough;19;4.7;2.4;42.9;0.1;12.5;64.3;1.3;0.2;0.1;0.0;0.3;0;0;F
Solomon Hill;12;15.6;2.4;26.8;0.3;19.0;50.0;3.0;1.8;0.8;0.6;0.1;0;0;F
Guerschon Yabusele;33;7.1;2.4;42.6;0.4;32.4;68.2;1.6;0.5;0.4;0.1;0.2;0;0;F
Brice Johnson;18;5.4;2.4;47.6;0.0;0.0;60.0;1.7;0.1;0.3;0.5;0.3;0;0;F
Caleb Swanigan;27;7.0;2.3;40.0;0.0;12.5;66.7;2.0;0.5;0.7;0.2;0.1;0;0;F
John Holland;24;7.3;2.3;28.8;0.5;30.6;69.2;1.0;0.2;0.3;0.3;0.1;0;0;F
Bruno Caboclo;12;8.9;2.2;29.0;0.3;17.6;83.3;1.8;0.3;0.3;0.3;0.3;0;0;F
Eric Moreland;67;12.0;2.1;54.1;0.0;0.0;37.9;4.1;1.2;0.6;0.5;0.8;2;0;F
Nick Collison;15;5.0;2.1;68.4;0.0;0.0;38.5;1.3;0.3;0.5;0.0;0.0;0;0;F
Daniel Hamilton;6;4.6;2.0;45.5;0.3;40.0;0.0;0.8;1.3;0.3;0.2;0.0;0;0;F
Devin Robinson;1;13.2;2.0;33.3;0.0;0.0;0.0;5.0;0.0;0.0;1.0;0.0;0;0;F
Gordon Hayward;1;5.3;2.0;50.0;0.0;0.0;0.0;1.0;0.0;0.0;0.0;0.0;0;0;F
Jeremy Evans;1;5.4;2.0;100;0.0;0.0;0.0;1.0;0.0;1.0;0.0;0.0;0;0;F
Luol Deng;1;13.1;2.0;50.0;0.0;0.0;0.0;0.0;1.0;1.0;1.0;0.0;0;0;F
Mangok Mathiang;4;5.0;2.0;57.1;0.0;0.0;0.0;2.5;0.0;0.0;0.3;0.0;0;0;F
Kyle Singler;12;4.9;1.9;33.3;0.2;40.0;53.8;0.8;0.2;0.3;0.1;0.0;0;0;F
Damien Wilkins;19;8.0;1.7;33.3;0.2;22.2;75.0;0.8;0.5;0.3;0.1;0.1;0;0;F
Furkan Korkmaz;14;5.7;1.6;28.6;0.4;29.4;50.0;0.8;0.3;0.1;0.1;0.1;0;0;F
James Webb III;10;12.0;1.6;25.0;0.4;21.1;0.0;2.4;0.4;0.4;0.1;0.0;0;0;F
Alfonzo McKinnie;14;3.8;1.5;53.3;0.2;33.3;66.7;0.5;0.1;0.2;0.1;0.1;0;0;F
Joel Bolomboy;6;6.3;1.5;50.0;0.0;0.0;50.0;1.7;0.0;0.3;0.3;0.0;0;0;F
Richard Jefferson;20;8.2;1.5;44.4;0.1;28.6;57.1;0.9;0.8;0.3;0.1;0.1;0;0;F
Vincent Hunter;4;1.9;1.5;60.0;0.0;0.0;0.0;0.8;0.0;0.3;0.0;0.3;0;0;F
Zhou Qi;18;6.9;1.2;18.8;0.1;10.5;66.7;1.2;0.1;0.6;0.1;0.8;0;0;F
Ike Anigbogu;11;2.7;1.2;44.4;0.0;0.0;83.3;0.8;0.0;0.2;0.1;0.3;0;0;F
Alex Poythress;25;4.2;1.0;42.3;0.2;36.4;0.0;0.7;0.1;0.1;0.1;0.0;0;0;F
Derrick Williams;2;4.3;1.0;25.0;0.0;0.0;0.0;0.5;0.0;0.0;0.0;0.0;0;0;F
Georges Niang;9;3.5;1.0;36.4;0.0;0.0;50.0;1.0;0.3;0.3;0.2;0.0;0;0;F
Matt Costello;4;8.1;1.0;50.0;0.0;0.0;0.0;2.3;0.5;0.3;0.5;0.5;0;0;F
Jake Layman;35;4.6;1.0;29.8;0.1;20.0;66.7;0.5;0.3;0.1;0.2;0.1;0;0;F
D.J. Wilson;22;3.2;1.0;56.3;0.1;40.0;50.0;0.5;0.1;0.2;0.1;0.0;0;0;F
Jacob Wiley;5;6.7;0.8;25.0;0.2;50.0;50.0;2.2;0.4;0.0;0.2;0.0;0;0;F
Josh Smith;3;3.9;0.7;25.0;0.0;0.0;0.0;1.3;0.0;0.0;0.0;0.0;0;0;F
Udonis Haslem;14;5.1;0.6;20.0;0.1;12.5;50.0;0.7;0.4;0.1;0.0;0.1;0;0;F
Ben Moore;2;4.6;0.0;0.0;0.0;0.0;0.0;0.5;0.5;0.0;0.0;0.0;0;0;F
Chris Boucher;1;1.3;0.0;0.0;0.0;0.0;0.0;1.0;0.0;0.0;0.0;0.0;0;0;F
Erik McCree;4;1.9;0.0;0.0;0.0;0.0;0.0;0.3;0.0;0.3;0.3;0.0;0;0;F
Jarell Eddie;3;2.9;0.0;0.0;0.0;0.0;0.0;0.3;0.0;0.0;0.3;0.0;0;0;F
Josh McRoberts;2;2.9;0.0;0.0;0.0;0.0;0.0;0.0;0.0;0.0;0.0;0.0;0;0;F
Mindaugas Kuzminskas;1;1.9;0.0;0.0;0.0;0.0;0.0;0.0;0.0;0.0;0.0;0.0;0;0;F
Nicolas Brussino;4;2.5;0.0;0.0;0.0;0.0;0.0;0.8;0.0;0.0;0.0;0.0;0;0;F
Tyler Lydon;1;2.2;0.0;0.0;0.0;0.0;0.0;0.0;0.0;0.0;0.0;0.0;0;0;F
Anthony Davis;75;36.4;28.1;53.4;0.7;34.0;82.8;11.1;2.3;2.2;1.5;2.6;50;1;C
DeMarcus Cousins;48;36.2;25.2;47.0;2.2;35.4;74.6;12.9;5.4;5.0;1.6;1.6;38;3;C
Joel Embiid;63;30.4;22.9;48.3;1.0;30.8;76.9;11.0;3.2;3.7;0.6;1.8;38;0;C
Kristaps Porzingis;48;32.4;22.7;43.9;1.9;39.5;79.3;6.6;1.2;1.9;0.8;2.4;5;0;C
Karl-Anthony Towns;82;35.6;21.3;54.5;1.5;42.1;85.8;12.3;2.4;1.9;0.8;1.4;68;0;C
Nikola Jokic;75;32.6;18.5;49.9;1.5;39.6;85.0;10.7;6.1;2.8;1.2;0.8;38;10;C
Kevin Love;59;28.0;17.6;45.8;2.3;41.5;88.0;9.3;1.7;1.5;0.7;0.4;31;0;C
Marc Gasol;73;33.0;17.2;42.0;1.5;34.1;83.4;8.1;4.2;2.7;0.7;1.4;25;1;C
Dwight Howard;81;30.4;16.6;55.5;0.0;14.3;57.4;12.5;1.3;2.6;0.6;1.6;53;0;C
Nikola Vucevic;57;29.5;16.5;47.5;1.1;31.4;81.9;9.2;3.4;1.9;1.0;1.1;29;1;C
Julius Randle;82;26.7;16.1;55.8;0.1;22.2;71.8;8.0;2.6;2.6;0.5;0.5;28;1;C
Andre Drummond;78;33.7;15.0;52.9;0.0;0.0;60.5;16.0;3.0;2.6;1.5;1.6;62;0;C
Jusuf Nurkic;79;26.4;14.3;50.5;0.0;0.0;63.0;9.0;1.8;2.3;0.8;1.4;27;0;C
Enes Kanter;71;25.8;14.1;59.2;0.0;0.0;84.8;11.0;1.5;1.7;0.5;0.5;39;0;C
Hassan Whiteside;54;25.3;14.0;54.0;0.0;100;70.3;11.4;1.0;1.7;0.7;1.7;28;0;C
Steven Adams;76;32.7;13.9;62.9;0.0;0.0;55.9;9.0;1.2;1.7;1.2;1.0;28;0;C
Clint Capela;74;27.5;13.9;65.2;0.0;0.0;56.0;10.8;0.9;1.4;0.8;1.9;42;0;C
Rudy Gobert;56;32.4;13.5;62.2;0.0;0.0;68.2;10.7;1.4;1.9;0.8;2.3;31;0;C
Brook Lopez;74;23.4;13.0;46.5;1.5;34.5;70.3;4.0;1.7;1.3;0.4;1.3;4;0;C
Al Horford;72;31.6;12.9;48.9;1.3;42.9;78.3;7.4;4.7;1.8;0.6;1.1;15;0;C
Willie Cauley-Stein;73;28.0;12.8;50.2;0.0;25.0;61.9;7.0;2.4;1.5;1.1;0.9;12;0;C
Myles Turner;65;28.2;12.7;47.9;0.9;35.7;77.7;6.4;1.3;1.5;0.6;1.8;11;0;C
Jonas Valanciunas;77;22.4;12.7;56.8;0.4;40.5;80.6;8.6;1.1;1.5;0.4;0.9;26;0;C
Serge Ibaka;76;27.5;12.6;48.3;1.4;36.0;79.7;6.3;0.8;1.2;0.4;1.3;8;0;C
Derrick Favors;77;28.0;12.3;56.3;0.2;22.2;65.1;7.2;1.3;1.1;0.7;1.1;15;0;C
DeAndre Jordan;77;31.5;12.0;64.5;0.0;0.0;58.0;15.2;1.5;1.8;0.5;0.9;46;0;C
Dirk Nowitzki;77;24.7;12.0;45.6;1.8;40.9;89.8;5.7;1.6;0.7;0.6;0.6;5;0;C
Robin Lopez;64;26.4;11.8;53.0;0.1;28.6;75.6;4.5;1.9;1.7;0.2;0.8;3;0;C
Domantas Sabonis;74;24.5;11.6;51.4;0.2;35.1;75.0;7.7;2.0;1.9;0.5;0.4;15;0;C
Kelly Olynyk;76;23.4;11.5;49.7;1.4;37.9;77.0;5.7;2.7;1.9;0.8;0.5;7;0;C
Frank Kaminsky;79;23.2;11.1;42.9;1.3;38.0;79.9;3.6;1.6;0.8;0.5;0.2;0;0;C
Montrezl Harrell;76;17.0;11.0;63.5;0.0;14.3;62.6;4.0;1.0;0.9;0.5;0.7;0;0;C
John Collins;74;24.1;10.5;57.6;0.2;34.0;71.5;7.3;1.3;1.4;0.6;1.1;11;0;C
Greg Monroe;51;20.4;10.3;56.5;0.0;0.0;73.9;6.9;2.2;1.8;0.9;0.5;9;1;C
Pau Gasol;77;23.5;10.1;45.8;0.6;35.8;75.6;8.0;3.1;1.4;0.3;1.0;16;1;C
Dewayne Dedmon;62;24.9;10.0;52.4;0.8;35.5;77.9;7.9;1.5;1.4;0.6;0.8;15;0;C
John Henson;76;25.9;8.8;57.2;0.0;14.3;57.0;6.8;1.5;1.1;0.6;1.4;10;0;C
Skal Labissiere;60;20.7;8.7;44.8;0.3;35.3;80.5;4.8;1.2;1.2;0.4;0.8;3;0;C
Alex Len;69;20.2;8.5;56.6;0.0;33.3;68.4;7.5;1.2;1.1;0.4;0.9;12;0;C
Dwight Powell;79;21.2;8.5;59.3;0.4;33.3;71.9;5.6;1.2;0.7;0.8;0.4;5;0;C
Marcin Gortat;82;25.3;8.4;51.8;0.0;0.0;67.5;7.6;1.8;1.2;0.5;0.7;15;0;C
Jarrett Allen;72;20.0;8.2;58.9;0.1;33.3;77.6;5.4;0.7;1.1;0.4;1.2;4;0;C
Marreese Speights;52;13.0;7.7;39.5;1.7;36.9;72.7;2.6;0.8;0.8;0.2;0.4;1;0;C
Mike Muscala;53;20.0;7.6;45.8;1.2;37.1;91.9;4.3;1.0;0.8;0.6;0.5;2;0;C
Kyle O'Quinn;77;18.0;7.1;58.3;0.1;23.5;77.2;6.1;2.1;1.3;0.5;1.3;8;0;C
Mason Plumlee;74;19.5;7.1;60.1;0.0;0.0;45.8;5.4;1.9;1.4;0.7;1.1;3;0;C
Cody Zeller;33;19.0;7.1;54.5;0.1;66.7;71.8;5.4;0.9;1.0;0.4;0.6;1;0;C
Al Jefferson;36;13.4;7.0;53.4;0.0;0.0;83.3;4.0;0.8;0.6;0.4;0.6;1;0;C
Jakob Poeltl;82;18.6;6.9;65.9;0.0;50.0;59.4;4.8;0.7;1.0;0.5;1.2;4;0;C
Bam Adebayo;69;19.8;6.9;51.2;0.0;0.0;72.1;5.5;1.5;1.0;0.5;0.6;7;0;C
Kosta Koufos;71;19.6;6.7;57.1;0.0;0.0;44.6;6.6;1.2;0.7;0.7;0.5;6;0;C
Luke Kornet;20;16.3;6.7;39.2;1.4;35.4;72.7;3.2;1.3;0.6;0.3;0.8;1;0;C
Tyler Zeller;66;16.8;6.7;56.0;0.2;35.7;72.2;4.6;0.7;0.7;0.2;0.5;0;0;C
Nene;52;14.6;6.5;56.9;0.0;0.0;63.6;3.4;0.9;0.7;0.5;0.3;0;0;C
Tyson Chandler;46;25.0;6.5;64.7;0.0;0.0;62.4;9.1;1.2;1.3;0.3;0.6;4;0;C
Richaun Holmes;48;15.5;6.5;56.0;0.1;12.9;66.1;4.4;1.3;0.5;0.4;0.6;1;0;C
Jahlil Okafor;28;12.6;6.3;55.8;0.0;25.0;72.4;3.0;0.4;0.8;0.1;0.6;0;0;C
Boban Marjanovic;39;8.7;6.0;53.4;0.0;0.0;79.4;3.7;0.6;0.9;0.3;0.3;1;0;C
Aron Baynes;81;18.3;6.0;47.1;0.0;14.3;75.6;5.4;1.1;1.0;0.3;0.6;4;0;C
Gorgui Dieng;79;16.9;5.9;47.9;0.2;31.1;77.5;4.6;0.9;0.7;0.6;0.5;2;0;C
Davis Bertans;77;14.1;5.9;44.0;1.2;37.3;81.6;2.0;1.0;0.5;0.3;0.4;0;0;C
Deyonta Davis;62;15.2;5.8;60.8;0.0;0.0;66.7;4.0;0.6;0.5;0.2;0.6;1;0;C
Tristan Thompson;53;20.2;5.8;56.2;0.0;0.0;54.4;6.6;0.6;0.7;0.3;0.3;3;0;C
Jack Cooley;7;12.5;5.7;48.1;0.0;0.0;73.7;4.3;0.9;0.4;0.1;0.0;0;0;C
Bismack Biyombo;82;18.2;5.7;52.0;0.0;0.0;65.0;5.7;0.8;1.0;0.3;1.2;7;0;C
Cristiano Felicio;55;17.8;5.6;59.1;0.0;0.0;66.7;4.2;1.0;1.0;0.3;0.2;3;0;C
Zaza Pachulia;69;14.1;5.4;56.4;0.0;0.0;80.6;4.7;1.6;1.0;0.6;0.2;2;0;C
Jon Leuer;8;17.1;5.4;41.7;0.0;0.0;86.7;4.0;0.6;0.9;0.1;0.4;0;0;C
Ed Davis;78;18.9;5.3;58.2;0.0;0.0;66.7;7.4;0.5;0.8;0.4;0.7;6;0;C
Daniel Theis;63;14.9;5.3;54.1;0.3;31.0;75.3;4.3;0.9;0.9;0.5;0.8;2;0;C
Willy Hernangomez;48;10.3;5.1;55.5;0.1;41.7;65.6;3.8;0.7;0.7;0.4;0.3;4;0;C
Brandan Wright;28;13.6;5.0;57.8;0.0;0.0;63.6;3.4;0.5;0.3;0.5;0.9;0;0;C
Thon Maker;74;16.7;4.8;41.1;0.4;29.8;69.9;3.0;0.6;0.6;0.5;0.7;0;0;C
JaVale McGee;65;9.5;4.8;62.1;0.0;0.0;73.1;2.6;0.5;0.4;0.3;0.9;0;0;C
Ian Mahinmi;77;14.9;4.8;55.6;0.0;0.0;70.3;4.1;0.7;1.3;0.5;0.5;1;0;C
Willie Reed;42;10.2;4.6;66.9;0.0;50.0;58.2;2.9;0.2;0.5;0.2;0.5;1;0;C
Amir Johnson;74;15.8;4.6;53.8;0.1;31.3;61.2;4.5;1.6;0.7;0.6;0.6;1;0;C
Jordan Bell;57;14.2;4.6;62.7;0.0;0.0;68.2;3.6;1.8;0.9;0.6;1.0;1;0;C
Zach Collins;66;15.8;4.4;39.8;0.5;31.0;64.3;3.3;0.8;0.9;0.3;0.5;0;0;C
Emeka Okafor;26;13.6;4.4;50.5;0.0;0.0;81.8;4.6;0.3;0.5;0.3;1.0;0;0;C
Nerlens Noel;30;15.7;4.4;52.4;0.0;0.0;75.0;5.6;0.7;0.9;1.0;0.7;2;0;C
Miles Plumlee;55;16.7;4.3;58.3;0.0;0.0;45.0;4.1;0.8;1.1;0.3;0.5;1;0;C
Khem Birch;42;13.8;4.2;54.0;0.0;0.0;68.9;4.3;0.8;0.5;0.4;0.5;3;0;C
Timofey Mozgov;31;11.6;4.2;55.9;0.1;22.2;76.7;3.2;0.4;1.1;0.2;0.4;0;0;C
Joffrey Lauvergne;55;9.7;4.1;51.6;0.0;0.0;63.8;3.1;0.7;0.6;0.2;0.1;1;0;C
Jordan Mickey;23;12.4;4.0;47.6;0.1;12.5;68.4;3.5;0.4;0.8;0.3;0.4;0;0;C
Alan Williams;5;14.1;4.0;38.9;0.0;0.0;66.7;4.4;1.6;1.4;1.0;0.2;0;0;C
Chinanu Onuaku;1;21.6;4.0;40.0;0.0;0.0;0.0;4.0;1.0;3.0;0.0;0.0;0;0;C
Ivica Zubac;43;9.5;3.7;50.0;0.0;0.0;76.5;2.9;0.6;0.6;0.2;0.3;1;0;C
Ante Zizic;32;6.7;3.7;73.1;0.0;0.0;72.4;1.9;0.2;0.3;0.1;0.4;0;0;C
Tarik Black;51;10.5;3.5;59.1;0.0;9.1;46.0;3.2;0.3;0.7;0.4;0.6;2;0;C
Salah Mejri;61;11.9;3.5;64.2;0.0;0.0;57.6;4.0;0.6;0.6;0.4;1.1;1;0;C
Jason Smith;33;8.6;3.4;39.1;0.1;12.5;90.5;1.6;0.4;0.5;0.1;0.4;0;0;C
Meyers Leonard;33;7.7;3.4;59.0;0.3;42.3;81.8;2.1;0.5;0.3;0.2;0.0;0;0;C
Kendrick Perkins;1;14.5;3.0;50.0;0.0;0.0;50.0;1.0;2.0;1.0;1.0;0.0;0;0;C
Ekpe Udoh;63;12.9;2.6;50.0;0.0;0.0;75.0;2.4;0.8;0.3;0.7;1.2;0;0;C
Lucas Nogueira;49;8.5;2.5;61.3;0.1;26.3;67.9;1.8;0.4;0.3;0.5;0.9;0;0;C
Caleb Swanigan;27;7.0;2.3;40.0;0.0;12.5;66.7;2.0;0.5;0.7;0.2;0.1;0;0;C
Eric Moreland;67;12.0;2.1;54.1;0.0;0.0;37.9;4.1;1.2;0.6;0.5;0.8;2;0;C
Georgios Papagiannis;17;7.2;2.1;42.9;0.0;0.0;0.0;2.2;0.5;0.5;0.2;0.4;0;0;C
Nick Collison;15;5.0;2.1;68.4;0.0;0.0;38.5;1.3;0.3;0.5;0.0;0.0;0;0;C
Justin Patton;1;3.7;2.0;50.0;0.0;0.0;0.0;0.0;0.0;0.0;1.0;0.0;0;0;C
Mangok Mathiang;4;5.0;2.0;57.1;0.0;0.0;0.0;2.5;0.0;0.0;0.3;0.0;0;0;C
Dakari Johnson;31;5.2;1.8;56.4;0.0;0.0;55.0;1.1;0.3;0.1;0.2;0.3;0;0;C
Marshall Plumlee;8;6.5;1.8;33.3;0.0;0.0;75.0;2.1;0.3;0.4;0.0;0.1;0;0;C
Joakim Noah;7;5.7;1.7;50.0;0.0;0.0;50.0;2.0;0.6;0.6;0.3;0.3;0;0;C
Damian Jones;15;5.9;1.7;50.0;0.0;0.0;60.0;0.9;0.1;0.3;0.1;0.2;0;0;C
Andrew Bogut;24;9.0;1.5;68.0;0.0;0.0;100;3.3;0.6;0.8;0.2;0.5;0;0;C
Jeff Withey;10;3.9;1.5;37.5;0.2;20.0;50.0;1.0;0.0;0.2;0.0;0.3;0;0;C
Joel Bolomboy;6;6.3;1.5;50.0;0.0;0.0;50.0;1.7;0.0;0.3;0.3;0.0;0;0;C
Thomas Bryant;15;4.8;1.5;38.1;0.1;10.0;55.6;1.1;0.4;0.1;0.1;0.1;0;0;C
Omer Asik;18;10.1;1.2;40.9;0.0;0.0;30.8;2.6;0.2;0.5;0.1;0.2;0;0;C
Zhou Qi;18;6.9;1.2;18.8;0.1;10.5;66.7;1.2;0.1;0.6;0.1;0.8;0;0;C
Ike Anigbogu;11;2.7;1.2;44.4;0.0;0.0;83.3;0.8;0.0;0.2;0.1;0.3;0;0;C
Matt Costello;4;8.1;1.0;50.0;0.0;0.0;0.0;2.3;0.5;0.3;0.5;0.5;0;0;C
Tony Bradley;9;3.2;0.9;27.3;0.0;0.0;100;1.2;0.1;0.0;0.0;0.0;0;0;C
Cole Aldrich;21;2.3;0.6;33.3;0.0;0.0;33.3;0.7;0.1;0.0;0.1;0.0;0;0;C
Josh McRoberts;2;2.9;0.0;0.0;0.0;0.0;0.0;0.0;0.0;0.0;0.0;0.0;0;0;C